id,entity,country,location_query,confidence,latitude,longitude,geo_source,note,geo_display
ATK-2026-0619-BDF,East Midlands Railway,United Kingdom,"Elstow, Bedford, England",high,52.1153339,-0.4681274,location,,"Elstow, Bedford, England, United Kingdom"
ATK-2026-0622-HEAT,NHS England & UKHSA,United Kingdom,"London, England",medium,51.5074456,-0.1277653,location,Warning spans central/southern England and south Wales,"Greater London, England, United Kingdom"
ATK-2026-0622-UKP,Labour Party,United Kingdom,"10 Downing Street, London, England",high,51.5034878,-0.1276965,location,,"10 Downing Street, 10, Downing Street, Westminster, Covent Garden, City of Westminster, Greater London, England, SW1A 2AA, United Kingdom"
ATK-2026-0630-AAPL,Apple Inc.,India,"New Delhi, India",high,28.6138954,77.2090057,location,Competition Commission of India seat,"New Delhi, Delhi, India"
ATK-2026-0630-FTC,U.S. Federal Trade Commission,United States,"Washington, D.C., United States",high,38.8950982,-77.0363849,location,Supreme Court / FTC seat,"Washington, District of Columbia, United States"
ATK-2026-0630-GAZA,Medecins Sans Frontieres (MSF),Palestine,"Gaza, Palestine",medium,31.4690337,34.3994215,location,Strikes across Gaza and West Bank; Gaza most representative,"Palestine, الزهراء‎, محافظة غزة, قطاع غزة, الأراضي الفلسطينية"
ATK-2026-0630-IRAN,Israel National Cyber Directorate (INCD),Israel,"Tel Aviv, Israel",high,32.0852997,34.7818064,location,Cyber incidents targeting Israel,"תל־אביב–יפו, נפת תל אביב, מחוז תל אביב, ישראל"
ATK-2026-0630-ITHEAT,Italian Ministry of Health / Protezione Civile,Italy,"Rome, Italy",medium,41.8933203,12.4829321,location,22-city red alert nationwide,"Roma, Roma Capitale, Lazio, Italia"
ATK-2026-0630-NPM,"npm, Inc. / GitHub / Microsoft",United States,"Redmond, Washington, United States",low,47.6694141,-122.1238767,location,Global supply-chain; npm/GitHub/Microsoft HQ,"Redmond, King County, Washington, 98052, United States"
ATK-2026-0630-PAKAF,"Populations of Chamkani, Giyan and Marawara",Afghanistan,"Giyan, Paktika, Afghanistan",medium,32.975159,69.399302,location,Casualties in eastern Afghan provinces,"گيان ولسوالی, پکتيکا ولايت, افغانستان"
ATK-2026-0630-RKLB,Iridium Communications Inc. (IRDM),United States,"McLean, Virginia, United States",medium,38.9366852,-77.185843,location,Iridium HQ; US M&A with DoD clearances,"McLean, Fairfax County, Virginia, United States"
ATK-2026-0630-SJFZ,San Pedro Square Market / venue operator,United States,"San Pedro Square Market, San Jose, California, United States",high,37.3364141,-121.894748,location,,"San Pedro Square Market, Peralta Adobe Plaza, San Pedro Square, Japantown, San Jose, Santa Clara County, California, 95110, United States"
ATK-2026-0630-UKR,Civilian residents of Dnipro / Zaporizhzhia / Kharkiv / Sumy,Ukraine,"Dnipro, Ukraine",medium,51.5567163,30.6121981,location,Heaviest losses in Dnipro; strikes across seven oblasts,"Дніпро, Губичі, Любецька селищна громада, Чернігівський район, Чернігівська область, 15082, Україна"
ATK-BANK-001,"TD Bank, N.A.",United States,"Cherry Hill, New Jersey, United States",medium,39.9348351,-75.0307264,location,TD Bank US HQ; DOJ/FinCEN/OCC action,"Cherry Hill Township, Camden County, New Jersey, United States"
ATK-BANK-002,Bharat Masrani,Canada,"Toronto, Ontario, Canada",high,43.6534817,-79.3839347,location,Toronto-Dominion Bank HQ,"Toronto, Golden Horseshoe, Ontario, Canada"
ATK-BANK-003,Evolve Bank & Trust,United States,"Memphis, Tennessee, United States",medium,35.146026,-90.0517786,location,Evolve Bank & Trust HQ,"Memphis, Shelby County, West Tennessee, Tennessee, United States"
ATK-BANK-004,Synapse Financial Technologies,United States,"West Memphis, Arkansas, United States",medium,35.1464797,-90.1845388,location,Evolve/Arkansas regulator; Fed C&D,"West Memphis, Crittenden County, Arkansas, 72301, United States"
ATK-BANK-005,Banco Santander S.A.,Spain,"Santander, Spain",medium,43.4618932,-3.8100255,location,Santander HQ; breach affected Chile/Spain/Uruguay,"Santander, Cantabria, España"
ATK-BANK-006,Finastra Group Holdings,United Kingdom,"London, England",medium,51.5074456,-0.1277653,location,Finastra HQ,"Greater London, England, United Kingdom"
ATK-BANK-007,JPMorgan Chase & Co.,United States,"New York City, New York, United States",high,40.7127281,-74.0060152,location,SitusAMC NY vendor breach,"New York, United States"
ATK-BANK-008,Truist retail & commercial customers,United States,"Charlotte, North Carolina, United States",medium,35.2272086,-80.8430827,location,Truist HQ,"Charlotte, Mecklenburg County, North Carolina, United States"
ATK-BANK-009,Affected Citibank cardholders,United States,"Boston, Massachusetts, United States",medium,42.3588336,-71.0578303,location,Reported to Massachusetts AG,"Boston, Suffolk County, Massachusetts, United States"
ATK-BANK-010,JPMorgan Chase & Co.,United States,"New York City, New York, United States",medium,40.7127281,-74.0060152,location,JPMorgan HQ; SDNY litigation,"New York, United States"
ATK-BANK-011,Affected retail & brokerage customers,United States,"San Francisco, California, United States",medium,37.7879363,-122.4075201,location,Wells Fargo HQ,"San Francisco, California, United States"
ATK-BANK-012,Goldman Sachs Asset Management,United States,"New York City, New York, United States",medium,40.7127281,-74.0060152,location,"Fried Frank / GSAM / JPMorgan, NY","New York, United States"
ATK-BANK-013,Citibank N.A.,United States,"New York City, New York, United States",medium,40.7127281,-74.0060152,location,Citigroup HQ; OCC/Fed penalty,"New York, United States"
ATK-BANK-014,"TD Bank, N.A.",United States,"Washington, D.C., United States",medium,38.8950982,-77.0363849,location,CFPB consent order,"Washington, District of Columbia, United States"
ATK-BANK-015,Wells Fargo retail & commercial banking,United States,"San Francisco, California, United States",medium,37.7879363,-122.4075201,location,Wells Fargo HQ,"San Francisco, California, United States"
ATK-BANK-016,Barclays Bank PLC,United Kingdom,"London, England",medium,51.5074456,-0.1277653,location,FCA fine; Barclays HQ,"Greater London, England, United Kingdom"
ATK-BANK-017,French State / DGFiP,France,"Paris, France",medium,48.8588897,2.320041,location,French State settlement with UBS,"Paris, Île-de-France, France métropolitaine, France"
ATK-BANK-018,Government of Malaysia,Malaysia,"Kuala Lumpur, Malaysia",medium,3.1516964,101.6942371,location,1MDB settlement with Government of Malaysia,"Kuala Lumpur, Malaysia"
ATK-BANK-019,Goldman Sachs Bank USA,United States,"Washington, D.C., United States",medium,38.8950982,-77.0363849,location,CFPB order,"Washington, District of Columbia, United States"
ATK-BANK-020,JPMorgan Chase,United States,"Washington, D.C., United States",medium,38.8950982,-77.0363849,location,CFPB Zelle suit,"Washington, District of Columbia, United States"
ATK-BANK-021,"JPMorgan Chase Bank, N.A.",United States,"New York City, New York, United States",medium,40.7127281,-74.0060152,location,JPMorgan HQ; OCC/Fed/CFTC orders,"New York, United States"
ATK-BANK-022,Morgan Stanley — Institutional Securities,United States,"New York City, New York, United States",medium,40.7127281,-74.0060152,location,Morgan Stanley HQ,"New York, United States"
ATK-BANK-023,Nadine Ahn,Canada,"Toronto, Ontario, Canada",medium,43.6534817,-79.3839347,location,Royal Bank of Canada HQ,"Toronto, Golden Horseshoe, Ontario, Canada"
ATK-BANK-024,Anand Selva — Citi COO,United States,"New York City, New York, United States",medium,40.7127281,-74.0060152,location,Citigroup HQ; SDNY suit,"New York, United States"
ATK-BANK-025,Charles W. Scharf,United States,"San Francisco, California, United States",medium,37.7879363,-122.4075201,location,Wells Fargo HQ,"San Francisco, California, United States"
ATK-BANK-026,Citi Treasury & Trade Solutions operations staff,United States,"New York City, New York, United States",medium,40.7127281,-74.0060152,location,Citigroup HQ,"New York, United States"
ATK-BANK-027,CrowdStrike Holdings (CRWD),United States,"Austin, Texas, United States",low,30.2711286,-97.7436995,location,Global outage; CrowdStrike HQ,"Austin, Travis County, Texas, United States"
ATK-BANK-028,Bank of America (BAC),United States,"Brookfield, Wisconsin, United States",medium,43.0615578,-88.1260678,location,Fiserv outage; US-wide,"Brookfield, Waukesha County, Wisconsin, United States"
ATK-BANK-029,Barclays UK retail & SME customers,United Kingdom,"London, England",medium,51.5074456,-0.1277653,location,UK-wide Barclays outage,"Greater London, England, United Kingdom"
ATK-BANK-030,Capital One Financial (COF),United States,"McLean, Virginia, United States",medium,38.9366852,-77.185843,location,Capital One HQ; FIS outage US-wide,"McLean, Fairfax County, Virginia, United States"
ATK-BANK-031,HSBC HK retail customers,China,Hong Kong,high,22.2818333,114.1582831,location,HSBC Hong Kong outage,"香港 Hong Kong, 中国"
ATK-BANK-032,VTB Bank,Russia,"Moscow, Russia",medium,55.625578,37.6063916,location,Russian court seizure of JPMorgan assets,"Москва, Центральный федеральный округ, Россия"
ATK-BANK-033,UniCredit S.p.A.,Russia,"Saint Petersburg, Russia",medium,59.9606739,30.1586551,location,Arbitration Court of St Petersburg asset freeze,"Санкт-Петербург, Северо-Западный федеральный округ, Россия"
ATK-BANK-034,Gazprombank JSC,United States,"Washington, D.C., United States",medium,38.8950982,-77.0363849,location,US Treasury SDN designation,"Washington, District of Columbia, United States"
ATK-BANK-035,AO Raiffeisenbank (Russia),Germany,"Frankfurt, Germany",medium,50.1106444,8.6820917,location,ECB supervisor directive; Russia exposure,"Frankfurt am Main, Hessen, Deutschland"
ATK-BANK-036,TD Bank Group (Canadian parent),United States,"Washington, D.C., United States",medium,38.8950982,-77.0363849,location,OCC asset cap on US subsidiaries,"Washington, District of Columbia, United States"
ATK-BANK-037,Visa,United States,"McLean, Virginia, United States",medium,38.9366852,-77.185843,location,Capital One acquires Discover,"McLean, Fairfax County, Virginia, United States"
ATK-BANK-038,UBS AG,Switzerland,"Zurich, Switzerland",high,47.3744489,8.5410422,location,"UBS/Credit Suisse merger, Swiss","Zürich, Bezirk Zürich, Zürich, Schweiz/Suisse/Svizzera/Svizra"
ATK-BANK-039,German Federal Government / Finance Ministry,Germany,"Frankfurt, Germany",medium,50.1106444,8.6820917,location,Commerzbank HQ; UniCredit stake battle,"Frankfurt am Main, Hessen, Deutschland"
ATK-BANK-040,Georges Elhedery,United Kingdom,"London, England, United Kingdom",high,51.5074456,-0.1277653,location,HSBC Group HQ in London,"Greater London, England, United Kingdom"
ATK-BANK-041,Citigroup employees,United States,"New York City, New York, United States",high,40.7127281,-74.0060152,location,Citigroup HQ in New York,"New York, United States"
ATK-BANK-042,NYCB / Flagstar shareholders,United States,"Hicksville, New York, United States",high,40.7695303,-73.5293246,location,"NYCB headquartered in Hicksville, NY","Hicksville, Town of Oyster Bay, Nassau County, New York, 11801, United States"
ATK-BANK-043,Federal Reserve,United States,"Washington, D.C., United States",high,38.8950982,-77.0363849,location,Federal Reserve seat,"Washington, District of Columbia, United States"
ATK-BANK-044,Dame Alison Rose,United Kingdom,"London, England, United Kingdom",high,51.5074456,-0.1277653,location,NatWest/Coutts London,"Greater London, England, United Kingdom"
ATK-BANK-045,DWS Group,Germany,"Frankfurt, Germany",high,50.1106444,8.6820917,location,Frankfurt prosecutor; DWS Frankfurt-based,"Frankfurt am Main, Hessen, Deutschland"
ATK-BANK-046,FBI / HSI Homeland Security Task Force,United States,"Washington, D.C., United States",medium,38.8950982,-77.0363849,location,Nationwide US ATM jackpotting; federal seat,"Washington, District of Columbia, United States"
ATK-BANK-047,ING Group N.V.,Netherlands,"Amsterdam, Netherlands",high,52.3730796,4.8924534,location,Amsterdam District Court; ING HQ,"Amsterdam, Noord-Holland, Nederland"
ATK-BANK-048,Barclays PLC,United Kingdom,"London, England, United Kingdom",medium,51.5074456,-0.1277653,location,UK-wide banking outages; Parliament London,"Greater London, England, United Kingdom"
ATK-BANK-049,Marquis Software Solutions,United States,"Plano, Texas, United States",high,33.0136764,-96.6925096,location,Texas fintech vendor Marquis,"Plano, Collin County, Texas, United States"
ATK-BANK-050,ICBC Financial Services LLC,United States,"New York City, New York, United States",high,40.7127281,-74.0060152,location,USB drive across Manhattan; DTCC/BNY NY,"New York, United States"
ATK-BANK-051,Standard Chartered corporate-functions employees,Hong Kong,Hong Kong,high,22.2818333,114.1582831,location,Investor event in Hong Kong,"香港 Hong Kong, 中国"
ATK-BANK-052,AXA S.A.,France,"Paris, France",high,48.8588897,2.320041,location,"BNP Paribas and AXA IM, Paris","Paris, Île-de-France, France métropolitaine, France"
ATK-EV-001,SAIC Motor,Belgium,"Brussels, Belgium",high,50.8467372,4.352493,location,European Commission regulation; seat Brussels,"Bruxelles - Brussel, Brussel-Hoofdstad - Bruxelles-Capitale, Région de Bruxelles-Capitale - Brussels Hoofdstedelijk Gewest, België / Belgique / Belgien"
ATK-EV-002,CDK Global,United States,"Hoffman Estates, Illinois, United States",high,42.0427256,-88.0792782,location,CDK Global HQ; North American dealers,"Hoffman Estates, Schaumburg Township, Cook County, Illinois, United States"
ATK-EV-003,Ford (F),United States,"Chicago, Illinois, United States",high,41.8755616,-87.6244212,location,Ford Chicago line idled,"Chicago, South Chicago Township, Cook County, Illinois, United States"
ATK-EV-004,Volkswagen,Sweden,"Stockholm, Sweden",medium,59.3251172,18.0710935,location,Northvolt Swedish bankruptcy/fraud probe,"Stockholm, Stockholms kommun, Stockholms län, 111 29, Sverige"
ATK-EV-005,BMW,Sweden,"Skelleftea, Sweden",high,64.7520185,20.959339,location,Northvolt Ett gigafactory Skelleftea,"Skellefteå, Skellefteå kommun, Västerbottens län, Sverige"
ATK-EV-006,Tesla shareholders,United States,"Washington, D.C., United States",medium,38.8950982,-77.0363849,location,Inauguration rally DC; boycott nationwide,"Washington, District of Columbia, United States"
ATK-EV-007,Northvolt AB,Sweden,"Skelleftea, Sweden",high,64.7520185,20.959339,location,Northvolt Sweden gigafactory,"Skellefteå, Skellefteå kommun, Västerbottens län, Sverige"
ATK-EV-008,Tesla,United States,"Washington, D.C., United States",medium,38.8950982,-77.0363849,location,DoD 1260H CATL designation; DoD seat,"Washington, District of Columbia, United States"
ATK-EV-009,Yueting 'YT' Jia,United States,"Los Angeles, California, United States",medium,34.0536909,-118.242766,location,Faraday Future HQ Los Angeles; SEC action,"Los Angeles, Los Angeles County, California, United States"
ATK-EV-010,NHTSA,United States,"Washington, D.C., United States",high,38.8950982,-77.0363849,location,NHTSA consent order; agency seat,"Washington, District of Columbia, United States"
ATK-EV-011,SK On,United States,"Dearborn, Michigan, United States",high,42.3222599,-83.1763145,location,Ford EV reset; Ford HQ Dearborn,"Dearborn, Wayne County, Michigan, United States"
ATK-EV-012,GM shareholders,United States,"San Francisco, California, United States",high,37.7879363,-122.4075201,location,Cruise robotaxi based San Francisco,"San Francisco, California, United States"
ATK-EV-013,OnStar Smart Driver enrollees,United States,"Washington, D.C., United States",high,38.8950982,-77.0363849,location,FTC consent order; agency seat,"Washington, District of Columbia, United States"
ATK-EV-014,California DOJ / AG Rob Bonta,United States,"Sacramento, California, United States",high,38.5810606,-121.493895,location,California AG/CPPA settlement,"Sacramento, Sacramento County, California, United States"
ATK-EV-015,General Motors,United States,"Washington, D.C., United States",medium,38.8950982,-77.0363849,location,Presidential tariff proclamation; nationwide impact,"Washington, District of Columbia, United States"
ATK-EV-016,DRC government / ARECOMS,Democratic Republic of the Congo,"Kinshasa, Democratic Republic of the Congo",high,-4.32171,15.3122511,location,DRC cobalt export ban,"Kinshasa, Aketi, Kinshasa, République démocratique du Congo"
ATK-EV-017,Hyundai AutoEver America,United States,"Fountain Valley, California, United States",high,33.7038145,-117.9627349,location,Hyundai AutoEver America HQ California,"Fountain Valley, Orange County, California, 92708, United States"
ATK-EV-018,LG Energy Solution,South Korea,"Seoul, South Korea",medium,37.5666791,126.9782914,location,LGES HQ Seoul; overseas facility undisclosed,"서울특별시, 대한민국"
ATK-EV-019,Mercedes-Benz Korea,South Korea,"Cheongna, Incheon, South Korea",high,37.5702484,126.6705968,location,"EQE fire in Cheongna, Incheon","청라, 인천국제공항고속도로, 검암동, 검암경서동, 서해구, 인천광역시, 22694, 대한민국"
ATK-EV-020,"CDK Global, LLC",United States,"Hoffman Estates, Illinois, United States",high,42.0427256,-88.0792782,location,CDK Global HQ,"Hoffman Estates, Schaumburg Township, Cook County, Illinois, United States"
ATK-EV-021,Defrauded Nikola shareholders,United States,"Phoenix, Arizona, United States",medium,33.4484367,-112.074141,location,Nikola HQ Phoenix; presidential pardon,"Phoenix, Maricopa County, Arizona, United States"
ATK-EV-022,Peter Carlsson,Sweden,"Skelleftea, Sweden",high,64.7520185,20.959339,location,Northvolt Skelleftea gigafactory deaths,"Skellefteå, Skellefteå kommun, Västerbottens län, Sverige"
ATK-EV-023,BMW,Sweden,"Skelleftea, Sweden",high,64.7520185,20.959339,location,Northvolt Skelleftea job cuts,"Skellefteå, Skellefteå kommun, Västerbottens län, Sverige"
ATK-EV-024,Peter Carlsson,Sweden,"Skelleftea, Sweden",high,64.7520185,20.959339,location,Northvolt gigafactory prosecution,"Skellefteå, Skellefteå kommun, Västerbottens län, Sverige"
ATK-EV-025,BMW,Sweden,"Skelleftea, Sweden",high,64.7520185,20.959339,location,Northvolt collapse Skelleftea,"Skellefteå, Skellefteå kommun, Västerbottens län, Sverige"
ATK-EV-026,"Rivian Automotive, Inc.",United States,"Irvine, California, United States",high,33.6856969,-117.825981,location,Rivian HQ Irvine; securities settlement,"Irvine, Orange County, California, United States"
ATK-EV-027,"Stellantis shareholders (Exor, Peugeot family, BPI, Dongfeng)",Netherlands,"Amsterdam, Netherlands",medium,52.3730796,4.8924534,location,Stellantis registered HQ Amsterdam,"Amsterdam, Noord-Holland, Nederland"
ATK-EV-028,Tesla owners,United States,"Washington, D.C., United States",medium,38.8950982,-77.0363849,location,FBI task force; attacks across nine states,"Washington, District of Columbia, United States"
ATK-EV-029,"Tesla, Inc.",United States,"Corpus Christi, Texas, United States",medium,27.7635302,-97.4033191,location,"Tesla lithium refinery, Texas Gulf estuary","Corpus Christi, Nueces County, Texas, United States"
ATK-EV-030,EPA Criminal Investigation Division,United States,"Austin, Texas, United States",high,30.2711286,-97.7436995,location,Tesla Austin gigafactory,"Austin, Travis County, Texas, United States"
ATK-EV-031,Elon Musk,United States,"Washington, D.C., United States",medium,38.8950982,-77.0363849,location,DOJ/SEC Autopilot inquiry; federal seat,"Washington, District of Columbia, United States"
ATK-EV-032,Jeffrey Nissen,United States,"Washington State, United States",high,47.2868352,-120.212613,location,Fatal FSD crash on Washington highway,"Washington, United States"
ATK-EV-033,Tesla owners (~3.2M),United States,"Washington, D.C., United States",high,38.8950982,-77.0363849,location,NHTSA ODI investigation; agency seat,"Washington, District of Columbia, United States"
ATK-EV-034,Laid-off employees & families,United States,"Austin, Texas, United States",medium,30.2711286,-97.7436995,location,Tesla company-wide layoffs; HQ Austin,"Austin, Travis County, Texas, United States"
ATK-EV-035,Austin residents / road users,United States,"Austin, Texas, United States",high,30.2711286,-97.7436995,location,Tesla Austin robotaxi launch,"Austin, Travis County, Texas, United States"
ATK-EV-036,Black Fremont workers,United States,"Fremont, California, United States",high,37.5482697,-121.988571,location,Tesla Fremont factory; N.D. Cal.,"Fremont, Alameda County, California, United States"
ATK-EV-037,"Tesla, Inc.",United States,"Washington, D.C., United States",high,38.8950982,-77.0363849,location,NHTSA FSD defect probe; agency seat,"Washington, District of Columbia, United States"
ATK-EV-038,California DMV,United States,"Sacramento, California, United States",high,38.5810606,-121.493895,location,California DMV adjudication,"Sacramento, Sacramento County, California, United States"
ATK-EV-039,Tesla owners (≈3.2M US vehicles),United States,"Washington, D.C., United States",high,38.8950982,-77.0363849,location,NHTSA ODI Engineering Analysis; agency seat,"Washington, District of Columbia, United States"
ATK-EV-040,Tesla shareholders,United States,"Austin, Texas, United States",medium,30.2711286,-97.7436995,location,Tesla HQ; global delivery shock but company-centered,"Austin, Travis County, Texas, United States"
ATK-EV-041,BYD,United States,"Washington, D.C., United States",medium,38.8950982,-77.0363849,location,US Section 301 tariff action; USTR seat,"Washington, District of Columbia, United States"
ATK-EV-042,Volkswagen Group,Germany,"Wolfsburg, Germany",high,52.4205588,10.7861682,location,Cariad SE / VW connected-car data exposure,"Wolfsburg, Niedersachsen, Deutschland"
ATK-EV-043,Volkswagen Group,Germany,"Wolfsburg, Germany",high,52.4205588,10.7861682,location,VW EU CO2 compliance disclosure,"Wolfsburg, Niedersachsen, Deutschland"
ATK-EV-044,IG Metall,Germany,"Wolfsburg, Germany",high,52.4205588,10.7861682,location,VW German factory closure threat,"Wolfsburg, Niedersachsen, Deutschland"
ATK-EV-045,Volvo Car AB,Sweden,"Gothenburg, Sweden",high,57.7072326,11.9670171,location,Volvo Cars / Novo Energy battery bet,"Göteborg, Göteborgs Stad, Västra Götalands län, 411 10, Sverige"
ATK-EV-046,BYD Co.,Mexico,Mexico,medium,23.6585116,-102.0077097,location,Suspended Mexican EV plant; site unspecified,México
ATK-EV-047,BYD Company Limited,Hungary,"Szeged, Hungary",high,46.2546312,20.1486016,location,BYD flagship European plant deaths,"Szeged, Szegedi járás, Csongrád-Csanád vármegye, Dél-Alföld, Alföld és Észak, Magyarország"
ATK-EV-048,CATL Debrecen plant,Hungary,"Debrecen, Hungary",high,47.531399,21.6259782,location,CATL gigafactory wastewater discharge,"Debrecen, Debreceni járás, Hajdú-Bihar vármegye, Észak-Alföld, Alföld és Észak, Magyarország"
ATK-EV-049,ChargePoint shareholders (2021-2023 class),United States,"San Francisco, California, United States",high,37.7879363,-122.4075201,location,N.D. California securities-fraud case,"San Francisco, California, United States"
ATK-EV-050,Common shareholders,United States,"Washington, D.C., United States",medium,38.8950982,-77.0363849,location,SEC Fisker probe; SEC seat,"Washington, District of Columbia, United States"
ATK-EV-051,Current & former HAEA / Hyundai Motor America employees,United States,"Fountain Valley, California, United States",medium,33.7038145,-117.9627349,location,Hyundai AutoEver America IT breach; US HQ,"Fountain Valley, Orange County, California, 92708, United States"
ATK-EV-052,Li Auto (Li Xiang),China,"Shanghai, China",high,31.2312707,121.4700152,location,Li Auto Mega fire in Shanghai; SAMR recall,"上海市, 中国"
ATK-EV-053,EV owners (~116k),India,"Bengaluru, Karnataka, India",medium,12.9767936,77.590082,location,Numocity Bengaluru platform breach; 8 countries,"Bengaluru, Bangalore North, Bengaluru Urban, Karnataka, India"
ATK-EV-054,NIO Inc.,China,"Shanghai, China",medium,31.2312707,121.4700152,location,NIO software recall; company HQ,"上海市, 中国"
ATK-EV-055,Northvolt Batteries North America Inc.,Canada,"Montreal, Quebec, Canada",medium,45.5031824,-73.5698065,location,Quebec site discharge penalty; region-level,"Montréal, Agglomération de Montréal, Montréal (région administrative), Québec, Canada"
ATK-EV-056,European Investment Bank,Sweden,"Västmanland County, Sweden",high,59.6965564,16.1846084,location,Northvolt Skellefteå/Västmanland environmental crime referral,"Västmanlands län, Sverige"
ATK-EV-057,"Rivian Automotive, Inc.",United States,"Normal, Illinois, United States",high,40.5092961,-88.9843937,location,Tornado strike on Rivian Normal plant,"Normal, McLean County, Illinois, United States"
ATK-EV-058,Essex Furukawa,United States,"Normal, Illinois, United States",medium,40.5092961,-88.9843937,location,Rivian production cut; Normal plant impact,"Normal, McLean County, Illinois, United States"
ATK-EV-059,Rivian Automotive,United States,"Santa Clara County, California, United States",high,37.2333253,-121.6846349,location,Tesla v. Rivian; Santa Clara County court,"Santa Clara County, California, United States"
ATK-EV-060,Victor Joe Gomez Sr.,United States,"Austin, Texas, United States",high,30.2711286,-97.7436995,location,Fatal electrocution at Tesla Austin plant,"Austin, Travis County, Texas, United States"
ATK-EV-061,Tesla HR organization,United States,"Fremont, California, United States",high,37.5482697,-121.988571,location,Tesla Fremont whistleblower litigation; N.D. Cal.,"Fremont, Alameda County, California, United States"
ATK-EV-062,Texas drivers (1.8M+),United States,"Austin, Texas, United States",high,30.2711286,-97.7436995,location,Texas AG sued GM/OnStar; Austin AG seat,"Austin, Travis County, Texas, United States"
ATK-EV-063,Toyota customers,United States,"Plano, Texas, United States",medium,33.0136764,-96.6925096,location,US Toyota third-party breach; Toyota NA HQ,"Plano, Collin County, Texas, United States"
ATK-EV-064,Volkswagen Group of America,United States,"Herndon, Virginia, United States",medium,38.9695316,-77.3859479,location,VW America NHTSA recall; US HQ,"Herndon, Fairfax County, Virginia, United States"
ATK-EV-065,Waymo LLC,United States,"Mountain View, California, United States",medium,37.3893889,-122.0832101,location,Waymo recall; Alphabet/Waymo HQ,"Mountain View, Santa Clara County, California, United States"
ATK-EV-066,Waymo LLC,United States,"Phoenix, Arizona, United States",medium,33.4484367,-112.074141,location,Freeway recall; Phoenix and Bay Area suspension,"Phoenix, Maricopa County, Arizona, United States"
ATK-EV-067,"XPeng P7+ owners (~47,490)",China,"Guangzhou, China",medium,23.1288429,113.2589581,location,XPeng SAMR recall; company HQ,"广州市, 广东省, 中国"
ATK-EV-068,American Honda Motor Co.,United States,"Torrance, California, United States",high,33.8371392,-118.3413606,location,California CPPA settlement; Honda US HQ,"Torrance, Los Angeles County, California, United States"
ATK-EV-069,Rivian R1S / R1T owners,United States,"Washington, D.C., United States",medium,38.8950982,-77.0363849,location,NHTSA recall campaign; federal ADAS defect,"Washington, District of Columbia, United States"
ATK-PHARMA-001,Guy's and St Thomas' NHS Foundation Trust,United Kingdom,"London, England, United Kingdom",high,51.5074456,-0.1277653,location,Synnovis ransomware hit seven London hospitals,"Greater London, England, United Kingdom"
ATK-PHARMA-002,"Cencora, Inc.",United States,"Conshohocken, Pennsylvania, United States",medium,40.0738835,-75.30625,location,Cencora breach; company HQ,"Conshohocken, Montgomery County, Pennsylvania, 19428, United States"
ATK-PHARMA-003,Baxter International,United States,"Marion, North Carolina, United States",high,35.6841022,-82.0091028,location,Baxter North Cove flooded by Hurricane Helene,"Marion, McDowell County, North Carolina, 28752, United States"
ATK-PHARMA-004,Sackler family,United States,"Washington, D.C., United States",medium,38.8950982,-77.0363849,location,National opioid settlement; Supreme Court context,"Washington, District of Columbia, United States"
ATK-PHARMA-005,"WuXi AppTec Co., Ltd.",United States,"Washington, D.C., United States",medium,38.8950982,-77.0363849,location,BIOSECURE/federal decoupling action against WuXi,"Washington, District of Columbia, United States"
ATK-PHARMA-006,Pfizer Inc.,United States,"Washington, D.C., United States",medium,38.8950982,-77.0363849,location,Section 232 pharma tariff proclamation,"Washington, District of Columbia, United States"
ATK-PHARMA-007,AstraZeneca PLC,United Kingdom,"London, England, United Kingdom",medium,51.5074456,-0.1277653,location,UK High Court group action; AZ vaccine withdrawal,"Greater London, England, United Kingdom"
ATK-PHARMA-008,Bayer employees,Germany,"Leverkusen, Germany",high,51.0324743,6.9881194,location,Bayer restructuring; company HQ,"Leverkusen, Nordrhein-Westfalen, Deutschland"
ATK-PHARMA-009,Generic sponsors (US ANDA holders),India,"Pune, Maharashtra, India",high,18.5213738,73.8545071,location,Synapse Labs Pune data falsification,"Pune, Pune City Subdistrict, Pune, Maharashtra, 411001, India"
ATK-PHARMA-010,"CrowdStrike Holdings, Inc.",United States,"Austin, Texas, United States",low,30.2711286,-97.7436995,location,Global outage; CrowdStrike HQ as anchor,"Austin, Travis County, Texas, United States"
ATK-PHARMA-011,City of Seattle,United States,"Seattle, Washington, United States",high,47.6038321,-122.330062,location,Monsanto/Bayer PCB settlement with Seattle,"Seattle, King County, Washington, United States"
ATK-PHARMA-012,Escientia Advanced Sciences,India,"Visakhapatnam, Andhra Pradesh, India",high,17.6935526,83.2921297,location,API plant explosion near Visakhapatnam,"Visakhapatnam, Visakhapatnam Urban, Visakhapatnam, Andhra Pradesh, 530001, India"
ATK-PHARMA-013,Recursion Pharmaceuticals (RXRX),United States,"Salt Lake City, Utah, United States",medium,40.7596198,-111.886797,location,Recursion trial readout; company HQ,"Salt Lake City, Salt Lake County, Utah, United States"
ATK-PHARMA-014,Leon Wang,China,"Shanghai, China",medium,31.2312707,121.4700152,location,AstraZeneca China unit indictment; China HQ,"上海市, 中国"
ATK-PHARMA-015,Pfizer Inc.,United States,"New York, New York, United States",medium,40.7127281,-74.0060152,location,Global Oxbryta withdrawal; Pfizer HQ,"New York, United States"
ATK-PHARMA-016,Albert Bourla,United States,"New York, New York, United States",medium,40.7127281,-74.0060152,location,Starboard activist campaign; Pfizer HQ,"New York, United States"
ATK-PHARMA-017,Synapse Labs Pvt. Ltd.,India,"Pune, Maharashtra, India",high,18.5213738,73.8545071,location,Synapse Labs Pune bioequivalence fraud,"Pune, Pune City Subdistrict, Pune, Maharashtra, 411001, India"
ATK-PHARMA-018,Medicare / CMS,United States,"Washington, D.C., United States",medium,38.8950982,-77.0363849,location,DOJ settlement with Teva; federal enforcement,"Washington, District of Columbia, United States"
ATK-PHARMA-019,BenevolentAI shareholders,United Kingdom,"London, England, United Kingdom",medium,51.5074456,-0.1277653,location,BenevolentAI wind-down/delisting; UK-based firm,"Greater London, England, United Kingdom"
ATK-PHARMA-020,"End-payer class — consumers, insurers, health funds",United States,"Philadelphia, Pennsylvania, United States",medium,39.9527237,-75.1635262,location,Generic pricing antitrust MDL; E.D. Pa.,"Philadelphia, Philadelphia County, Pennsylvania, United States"
ATK-PHARMA-021,Novo Nordisk shareholders,Denmark,"Bagsværd, Denmark",high,55.7583936,12.4573112,location,Novo Nordisk CagriSema readout; company HQ,"Bagsværd, Gladsaxe Kommune, Region Hovedstaden, 2880, Danmark"
ATK-PHARMA-022,Johnson & Johnson (JNJ),United States,"Houston, Texas, United States",high,29.7589382,-95.3676974,location,Red River Talc bankruptcy; S.D. Texas court,"Houston, Harris County, Texas, United States"
ATK-PHARMA-023,Patients on Ozempic 1 mg,United States,"Silver Spring, Maryland, United States",medium,38.9997621,-77.0240371,location,US supply chain; FDA HQ used as reference point,"Silver Spring, Montgomery County, Maryland, United States"
ATK-PHARMA-024,STADA Arzneimittel AG,Russia,"Nizhny Novgorod, Russia",high,56.3264816,44.0051395,location,Nizhpharm based in Nizhny Novgorod; Putin decree,"Нижний Новгород, городской округ Нижний Новгород, Нижегородская область, Приволжский федеральный округ, Россия"
ATK-PHARMA-025,Walgreens Boots Alliance,United States,"Washington, D.C., United States",medium,38.8950982,-77.0363849,location,DOJ/DEA/HHS federal settlement,"Washington, District of Columbia, United States"
ATK-PHARMA-026,Recursion Pharmaceuticals,United States,"Salt Lake City, Utah, United States",high,40.7596198,-111.886797,location,Recursion HQ in Salt Lake City,"Salt Lake City, Salt Lake County, Utah, United States"
ATK-PHARMA-027,Pfizer Inc.,United States,"Washington, D.C., United States",high,38.8950982,-77.0363849,location,House Judiciary Committee subpoena,"Washington, District of Columbia, United States"
ATK-PHARMA-028,Novo Nordisk Foundation,Denmark,"Bagsvaerd, Denmark",high,55.7583936,12.4573112,location,Novo Nordisk / Foundation HQ near Copenhagen,"Bagsværd, Gladsaxe Kommune, Region Hovedstaden, 2880, Danmark"
ATK-PHARMA-029,Sigachi Industries shareholders,India,"Pashamylaram, Sangareddy, Telangana, India",high,17.5279026,78.1900123,location,Plant explosion site named,"Pashamylaram, Patancheruvu mandal, Sangareddy, Telangana, 502019, India"
ATK-PHARMA-030,Roche,United States,"Cambridge, Massachusetts, United States",high,42.3656347,-71.1040018,location,Sarepta HQ; FDA action on Elevidys,"Cambridge, Middlesex County, Massachusetts, United States"
ATK-PHARMA-031,Novo Nordisk employees,Denmark,"Bagsvaerd, Denmark",high,55.7583936,12.4573112,location,Layoffs mostly at Danish home base,"Bagsværd, Gladsaxe Kommune, Region Hovedstaden, 2880, Danmark"
ATK-PHARMA-032,Kevin Ali,United States,"Jersey City, New Jersey, United States",high,40.7215682,-74.047455,location,Organon HQ in Jersey City,"Jersey City, Hudson County, New Jersey, United States"
ATK-PHARMA-033,Novo Nordisk A/S,United States,"Bloomington, Indiana, United States",high,39.1670396,-86.5342881,location,Catalent Indiana fill-finish site,"Bloomington, Monroe County, Indiana, United States"
ATK-PHARMA-034,Cherie Craft,United States,"Baltimore, Maryland, United States",high,39.2908816,-76.610759,location,Baltimore City jury verdict,"Baltimore, Maryland, United States"
ATK-PHARMA-035,Nader Pourhassan,United States,"Greenbelt, Maryland, United States",high,39.004607,-76.8756838,location,Maryland federal court sentencing,"Greenbelt, Prince George's County, Maryland, 20770, United States"
ATK-PHARMA-036,AstraZeneca Investment (China) Co.,China,"Shenzhen, Guangdong, China",high,22.5445741,114.0545429,location,Shenzhen prosecutors indictment,"深圳市, 广东省, 中国"
ATK-PHARMA-037,Novo Nordisk A/S,United States,"Plainsboro, New Jersey, United States",high,40.3334409,-74.6004341,location,Novo Nordisk Inc. US HQ; FDA warning letter,"Plainsboro Township, Middlesex County, New Jersey, United States"
ATK-PHARMA-038,Modern Ag Alliance,United States,"Washington, D.C., United States",medium,38.8950982,-77.0363849,location,US lobbying coalition funded by Bayer,"Washington, District of Columbia, United States"
ATK-PHARMA-039,West Pharmaceutical Services,United States,"Exton, Pennsylvania, United States",high,40.0299755,-75.6290436,location,West Pharmaceutical HQ in Exton,"Exton, West Whiteland Township, Chester County, Pennsylvania, United States"
ATK-PHARMA-040,"WuXi AppTec Co., Ltd.",United States,"Washington, D.C., United States",medium,38.8950982,-77.0363849,location,US DoD 1260H listing; company Chinese,"Washington, District of Columbia, United States"
ATK-PHARMA-041,Novo Nordisk A/S,Denmark,"Bagsvaerd, Denmark",high,55.7583936,12.4573112,location,Novo Nordisk IT estate breach,"Bagsværd, Gladsaxe Kommune, Region Hovedstaden, 2880, Danmark"
ATK-PHARMA-042,Hospital pharmacies,United States,"McPherson, Kansas, United States",high,38.3659015,-97.6575171,location,Hospira McPherson plant source of defects,"McPherson County, Kansas, United States"
ATK-PHARMA-043,Biogen Inc.,United States,"Cambridge, Massachusetts, United States",high,42.3656347,-71.1040018,location,Biogen HQ in Cambridge,"Cambridge, Middlesex County, Massachusetts, United States"
ATK-PHARMA-044,Novo Nordisk UK affiliate,United Kingdom,"London, England, United Kingdom",medium,51.5074456,-0.1277653,location,PMCPA/ABPI UK regulatory action,"Greater London, England, United Kingdom"
ATK-PHARMA-045,Rite Aid customers (2017-2018 purchasers),United States,"Philadelphia, Pennsylvania, United States",high,39.9527237,-75.1635262,location,Rite Aid HQ Philadelphia area,"Philadelphia, Philadelphia County, Pennsylvania, United States"
ATK-PHARMA-046,Apoteket AB,Sweden,"Stockholm, Sweden",high,59.3251172,18.0710935,location,Swedish regulator; Apoteket HQ Stockholm,"Stockholm, Stockholms kommun, Stockholms län, 111 29, Sverige"
ATK-PHARMA-047,Glenmark Pharmaceuticals Inc. USA,United States,"Philadelphia, Pennsylvania, United States",high,39.9527237,-75.1635262,location,EDPA US Attorney; Glenmark USA in NJ area,"Philadelphia, Philadelphia County, Pennsylvania, United States"
ATK-PHARMA-048,Theratechnologies Inc.,Canada,"Montreal, Quebec, Canada",high,45.5031824,-73.5698065,location,Theratechnologies HQ in Montreal,"Montréal, Agglomération de Montréal, Montréal (région administrative), Québec, Canada"
ATK-PHARMA-049,Novo Nordisk A/S,Denmark,"Bagsvaerd, Denmark",high,55.7583936,12.4573112,location,Novo Nordisk emissions disclosure,"Bagsværd, Gladsaxe Kommune, Region Hovedstaden, 2880, Danmark"
ATK-PHARMA-050,Granules India Limited,India,"Hyderabad, India",high,17.360589,78.4740613,location-fixed,Gagillapur plant FDA warning letter,"Hyderabad, Bahadurpura mandal, Hyderabad, Telangana, India"
ATK-PHARMA-051,Targeted Bayer executive & family,United States,"Madison, New Jersey, United States",high,40.7598227,-74.417097,location,"East Lane, Madison NJ arson","Madison, Morris County, New Jersey, United States"
ATK-PHARMA-052,George N. Demos,United States,"San Diego, California, United States",high,32.7174202,-117.162772,location,Acadia Pharmaceuticals HQ San Diego,"San Diego, San Diego County, California, United States"
ATK-PHARMA-053,"GenoGenix, LLC",United States,"Boca Raton, Florida, United States",high,26.3586885,-80.0830984,location,Boca Raton 503B facility named,"Boca Raton, Palm Beach County, Florida, United States"
ATK-PHARMA-054,Astellas employee (convicted individual),China,"Beijing, China",high,39.9057136,116.3912972,location,Beijing court espionage conviction,"北京市, 中国"
ATK-PHARMA-055,Inotiv employees & former staff,United States,"West Lafayette, Indiana, United States",high,40.4258686,-86.9080655,location,Inotiv Indiana CRO,"West Lafayette, Tippecanoe County, Indiana, United States"
ATK-PHARMA-056,Novo Nordisk A/S,United States,"Marion, North Carolina, United States",medium,35.6841022,-82.0091028,location,Baxter North Cove plant referenced; US national study,"Marion, McDowell County, North Carolina, 28752, United States"
ATK-PHARMA-057,Blackford Analysis (Edinburgh),United Kingdom,"Edinburgh, Scotland, United Kingdom",high,55.9533456,-3.1883749,location,Blackford Analysis based in Edinburgh,"City of Edinburgh, Alba / Scotland, United Kingdom"
ATK-PHARMA-058,Sun Pharmaceutical Industries,India,"Halol, Gujarat, India",high,22.5058547,73.4715851,location,Halol sterile-injectables facility,"Halol, Halol Taluka, Panchmahal, Gujarat, 389350, India"
ATK-PHARMA-059,FDA CDER / Office of Compliance,United States,"Silver Spring, Maryland, United States",high,38.9997621,-77.0240371,location,FDA CDER HQ Silver Spring,"Silver Spring, Montgomery County, Maryland, United States"
ATK-PHARMA-060,Pharmaron Beijing,China,"Beijing, China",high,39.9057136,116.3912972,location,Pharmaron Beijing ETDA site deaths,"北京市, 中国"
ATK-PHARMA-061,Bristol Myers Squibb,United States,"Princeton, New Jersey, United States",high,40.3496953,-74.6597376,location,BMS HQ Princeton NJ,"Princeton, Mercer County, New Jersey, United States"
ATK-PHARMA-062,Novo Nordisk A/S (NVO holders),Denmark,"Bagsvaerd, Denmark",high,55.7583936,12.4573112,location,Novo Nordisk trial-failure disclosure,"Bagsværd, Gladsaxe Kommune, Region Hovedstaden, 2880, Danmark"
ATK-PHARMA-063,Hong ('John') Wang,United States,"Boston, Massachusetts, United States",high,42.3588336,-71.0578303,location,District of Massachusetts; C4 Therapeutics,"Boston, Suffolk County, Massachusetts, United States"
ATK-PHARMA-064,Novartis AG,United States,"Newark, New Jersey, United States",high,40.735657,-74.1723667,location,District of New Jersey class action,"Newark, Essex County, New Jersey, United States"
ATK-PHARMA-065,Intas Pharmaceuticals,India,"Selaqui, Dehradun, Uttarakhand, India",high,30.3673823,77.8568964,location,Selaqui Dehradun plant warning letter,"SelaQui International School, NH7, Hasanpur, Central Hope Town, Vikasnagar, Dehradun, Uttarakhand, 248197, India"
ATK-PHARMA-066,Purolea Cosmetics Lab,United States,"Livonia, Michigan, United States",high,42.36837,-83.3527097,location,Purolea plant in Livonia Michigan,"Livonia, Wayne County, Michigan, United States"
ATK-PHARMA-067,Bayer AG,United States,"Lansing, Michigan, United States",medium,42.7338254,-84.5546295,location,Michigan PCB settlement largest of the pair,"Lansing, Ingham County, Michigan, United States"
ATK-PHARMA-068,Rouzbeh 'Ross' Haghighat,United States,"Seattle, Washington, United States",medium,47.6038321,-122.330062,location,Chinook Therapeutics based in Seattle; DOJ action,"Seattle, King County, Washington, United States"
ATK-SEMI-001,Intel shareholders,United States,"Santa Clara, California, United States",high,37.2333253,-121.6846349,location,Intel HQ Santa Clara,"Santa Clara County, California, United States"
ATK-SEMI-002,Nvidia Corporation,United States,"Santa Clara, California, United States",high,37.2333253,-121.6846349,location,Nvidia HQ; US export control on H20,"Santa Clara County, California, United States"
ATK-SEMI-003,Taiwan Semiconductor Manufacturing Co.,Taiwan,"Hsinchu, Taiwan",high,24.8066333,120.9686833,location,Taiwanese semiconductor firms targeted,"新竹市, 臺灣"
ATK-SEMI-004,Honda,Netherlands,"Nijmegen, Netherlands",medium,51.8425749,5.8389606,location,Nexperia HQ Nijmegen; multi-country impact,"Nijmegen, Gelderland, Nederland"
ATK-SEMI-005,Samsung Electronics,South Korea,"Seoul, South Korea",high,37.5666791,126.9782914,location,Seoul prosecutors; Samsung DRAM trade-secret leak,"서울특별시, 대한민국"
ATK-SEMI-006,Yih-Shyan 'Wally' Liaw,United States,"New York, New York, United States",high,40.7127281,-74.0060152,location,SDNY indictment; Supermicro export scheme,"New York, United States"
ATK-SEMI-007,TSMC,Taiwan,"Hualien, Taiwan",high,23.9913421,121.6197276,location,Earthquake off Hualien; fabs on Taiwan west coast,"花蓮縣, 臺灣"
ATK-SEMI-008,Samsung Electronics — DS / Memory Division,South Korea,"Hwaseong, Gyeonggi, South Korea",medium,37.1994653,126.8312632,location,Samsung memory HQ; failed Nvidia qualification,"화성시, 경기도, 대한민국"
ATK-SEMI-009,Intel Corporation,United States,"Santa Clara, California, United States",medium,37.2333253,-121.6846349,location,Intel HQ; Raptor Lake CPU defect,"Santa Clara County, California, United States"
ATK-SEMI-010,Intel employees,United States,"Santa Clara, California, United States",medium,37.2333253,-121.6846349,location,Intel HQ; layoffs and CHIPS Act scrutiny,"Santa Clara County, California, United States"
ATK-SEMI-011,Google,Taiwan,"Hsinchu, Taiwan",medium,24.8066333,120.9686833,location,Blackwell die flaw found on TSMC line,"新竹市, 臺灣"
ATK-SEMI-012,Microchip employees,United States,"Chandler, Arizona, United States",medium,33.3062031,-111.841185,location,Microchip Technology HQ; Play ransomware,"Chandler, Maricopa County, Arizona, United States"
ATK-SEMI-013,U.S. DOJ Antitrust Division,United States,"Washington, D.C., United States",medium,38.8950982,-77.0363849,location,DOJ seat; Nvidia antitrust probe,"Washington, District of Columbia, United States"
ATK-SEMI-014,SMIC,Netherlands,"The Hague, Netherlands",medium,52.0799838,4.3113461,location,Dutch government export license decision,"Den Haag, Zuid-Holland, Nederland"
ATK-SEMI-015,Intel Corporation,United States,"Santa Clara, California, United States",medium,37.2333253,-121.6846349,location,Intel HQ; Vmin Shift Instability,"Santa Clara County, California, United States"
ATK-SEMI-016,Sibelco N.V.,United States,"Spruce Pine, North Carolina, United States",high,35.9147787,-82.066411,location,Hurricane Helene flooded quartz district,"Spruce Pine, Mitchell County, North Carolina, United States"
ATK-SEMI-017,Qualcomm,South Korea,"Hwaseong, Gyeonggi, South Korea",medium,37.1994653,126.8312632,location,Samsung Foundry leading-edge yield troubles,"화성시, 경기도, 대한민국"
ATK-SEMI-018,TSMC (TSM),Taiwan,"Kaohsiung, Taiwan",medium,22.6203348,120.3120375,location,Joint Sword-2024B encirclement; named ports,"高雄市, 臺灣"
ATK-SEMI-019,ASML Holding N.V.,Netherlands,"Veldhoven, Netherlands",medium,51.4190691,5.4045572,location,"ASML HQ; early Q3 results, Amsterdam drop","Veldhoven, Noord-Brabant, Nederland"
ATK-SEMI-020,Huawei Technologies,Taiwan,"Hsinchu, Taiwan",medium,24.8066333,120.9686833,location,TSMC-made die routed via Sophgo to Huawei,"新竹市, 臺灣"
ATK-SEMI-021,Amazon (AWS),United States,"Santa Clara, California, United States",low,37.2333253,-121.6846349,location,Nvidia GB200 rack overheating; global hyperscaler impact,"Santa Clara County, California, United States"
ATK-SEMI-022,Qualcomm,United States,"San Diego, California, United States",medium,32.7174202,-117.162772,location,Qualcomm HQ; Arm license termination notice,"San Diego, San Diego County, California, United States"
ATK-SEMI-023,Applied Materials (AMAT),United States,"Washington, D.C., United States",medium,38.8950982,-77.0363849,location,BIS export control round; AMAT revenue hit,"Washington, District of Columbia, United States"
ATK-SEMI-024,Coherent (II-VI),China,"Beijing, China",medium,39.9057136,116.3912972,location,China MOFCOM bans gallium/germanium exports,"北京市, 中国"
ATK-SEMI-025,Intel Foundry,United States,"Santa Clara, California, United States",medium,37.2333253,-121.6846349,location,Intel HQ; 18A yield rumor,"Santa Clara County, California, United States"
ATK-SEMI-026,Intel Foundry,United States,"New Albany, Ohio, United States",high,40.0811745,-82.8087864,location,Ohio One campus delay; German/Polish fabs cancelled,"New Albany, Plain Township, Franklin County, Ohio, 43054, United States"
ATK-SEMI-027,SK Hynix Inc.,South Korea,"Incheon International Airport, Incheon, South Korea",high,37.4634593,126.4417093,location,Arrest at Incheon Airport; HBM IP theft,"인천국제공항, 272, 공항대로, 운서동, 영종구, 인천광역시, 22382, 대한민국"
ATK-SEMI-028,Taiwan Semiconductor Manufacturing Co.,Taiwan,"Chiayi Science Park, Chiayi, Taiwan",high,23.4759419,120.3106523,location,AP7 construction site accidents,"嘉義科學園區 (第二期), 東勢寮, 東勢里, 太保市, 嘉義縣, 612, 臺灣"
ATK-SEMI-029,"Synopsys, Inc.",United States,"Sunnyvale, California, United States",medium,37.3688301,-122.036349,location,Synopsys HQ; Arkana extortion claim,"Sunnyvale, Santa Clara County, California, United States"
ATK-SEMI-030,ASML Holding,Netherlands,"Rotterdam, Netherlands",high,51.9244424,4.47775,location,Rotterdam District Court sentencing; Russia espionage,"Rotterdam, Zuid-Holland, Nederland"
ATK-SEMI-031,Intel employees,United States,"Santa Clara, California, United States",medium,37.2333253,-121.6846349,location,"Intel HQ; workforce cut to 75,000","Santa Clara County, California, United States"
ATK-SEMI-032,Cadence Design Systems,United States,"San Jose, California, United States",medium,37.3361663,-121.890591,location,Cadence HQ; export controls plea,"San Jose, Santa Clara County, California, United States"
ATK-SEMI-033,Tokyo Electron Ltd. (TEL),Taiwan,"Hsinchu, Taiwan",medium,24.8066333,120.9686833,location,TSMC 2nm document theft; Taiwan court,"新竹市, 臺灣"
ATK-SEMI-034,Kanto Denka Kogyo,Japan,"Shibukawa, Gunma, Japan",high,36.490349,138.9988412,location,Shibukawa Plant NF3 line fire,"渋川市, 群馬県, 日本"
ATK-SEMI-035,Intel employees (~270k),United States,"Santa Clara, California, United States",medium,37.2333253,-121.6846349,location,Intel HQ; web app data exposure,"Santa Clara County, California, United States"
ATK-SEMI-036,Nvidia Corporation,China,"Beijing, China",medium,39.9057136,116.3912972,location,China SAMR Mellanox remedy finding,"北京市, 中国"
ATK-SEMI-037,"Wingtech Technology Co., Ltd.",Netherlands,"Nijmegen, Netherlands",medium,51.8425749,5.8389606,location,Dutch seizure of Nexperia (Nijmegen HQ),"Nijmegen, Gelderland, Nederland"
ATK-SEMI-038,United States — BIS / Commerce,Netherlands,"Veldhoven, Netherlands",medium,51.4190691,5.4045572,location,ASML DUV-to-China allegations; ASML HQ,"Veldhoven, Noord-Brabant, Nederland"
ATK-SEMI-039,Wei-Jen Lo,Taiwan,"Hsinchu, Taiwan",medium,24.8066333,120.9686833,location,TSMC suit in Taiwan IP court,"新竹市, 臺灣"
ATK-SEMI-040,"Applied Materials, Inc.",United States,"Santa Clara, California, United States",medium,37.2333253,-121.6846349,location,"AMAT HQ; BIS settlement, Massachusetts shipments","Santa Clara County, California, United States"
ATK-SEMI-041,Intel,Japan,"Chiyoda, Tokyo, Japan",medium,35.6940537,139.7535006,location,Advantest HQ Tokyo; ransomware breach,"千代田区, 東京都, 102-0000, 日本"
ATK-SEMI-042,ASML Holding N.V.,Netherlands,"Veldhoven, Netherlands",medium,51.4190691,5.4045572,location,ASML HQ; EUV components export allegation,"Veldhoven, Noord-Brabant, Nederland"
ATK-SEMI-043,Cesar Anguiano-Guitron,United States,"Phoenix, Arizona, United States",high,33.4484367,-112.074141,location,TSMC Fab 21 construction site accident,"Phoenix, Maricopa County, Arizona, United States"
ATK-SEMI-044,AMD employees,United States,"Santa Clara, California, United States",medium,37.2333253,-121.6846349,location,AMD HQ; IntelBroker data listing,"Santa Clara County, California, United States"
ATK-SEMI-045,National Samsung Electronics Union (NSEU),South Korea,"Hwaseong, Gyeonggi, South Korea",medium,37.1994653,126.8312632,location,First Samsung strike; memory fabs,"화성시, 경기도, 대한민국"
ATK-SEMI-046,Advanced Micro Devices (AMD),United States,"Santa Clara, California, United States",medium,37.2333253,-121.6846349,location,AMD HQ; second BreachForums listing,"Santa Clara County, California, United States"
ATK-SEMI-047,GlobalFoundries Inc.,United States,"Essex Junction, Vermont, United States",high,44.4906817,-73.11136,location,Fab 9 PFAS effluent,"Essex Junction, Chittenden County, Vermont, United States"
ATK-SEMI-048,Microchip employees,United States,"Chandler, Arizona, United States",medium,33.3062031,-111.841185,location,Microchip HQ; Play ransomware idle fabs,"Chandler, Maricopa County, Arizona, United States"
ATK-SEMI-049,ASML Holding N.V.,Netherlands,"The Hague, Netherlands",medium,52.0799838,4.3113461,location,Dutch export-licensing regime for DUV,"Den Haag, Zuid-Holland, Nederland"
ATK-SEMI-050,Intel Corporation,United States,"Santa Clara, California, United States",medium,37.2333253,-121.6846349,location,Intel HQ; Qualcomm takeover approach,"Santa Clara County, California, United States"
ATK-SEMI-051,GlobalFoundries Inc.,United States,"Malta, New York, United States",medium,42.9711708,-73.792926,location,"GlobalFoundries HQ; BIS penalty, SMIC-related shipments","Town of Malta, Saratoga County, New York, 12151, United States"
ATK-SEMI-052,ASML cleanroom / manufacturing staff,Netherlands,"Veldhoven, Netherlands",medium,51.4190691,5.4045572,location,ASML HQ; worldwide IT outage,"Veldhoven, Noord-Brabant, Nederland"
ATK-SEMI-053,Taiwan Semiconductor Manufacturing Company,Taiwan,"Hsinchu, Taiwan",medium,24.8066333,120.9686833,location,TSMC emissions tied to Taiwan grid,"新竹市, 臺灣"
ATK-SEMI-054,Charles Liang (CEO/founder),United States,"San Jose, California, United States",medium,37.3361663,-121.890591,location,Super Micro HQ; DOJ/SEC subpoenas,"San Jose, Santa Clara County, California, United States"
ATK-SEMI-055,Lam Research Corporation,United States,"Washington, D.C., United States",medium,38.8950982,-77.0363849,location,House Select Committee rebuke; Congress seat,"Washington, District of Columbia, United States"
ATK-SEMI-056,Samsung Electronics,South Korea,"Yongin, Gyeonggi, South Korea",high,37.2405741,127.1785572,location,Yongin Semiconductor Complex climate litigation,"용인시, 경기도, 대한민국"
ATK-SEMI-057,STMicroelectronics N.V.,Switzerland,"Geneva, Switzerland",medium,46.2017559,6.1466014,location,ST HQ; my.st.com B2B database exfiltration,"Genève, Schweiz/Suisse/Svizzera/Svizra"
ATK-SEMI-058,Qualcomm Incorporated,China,"Beijing, China",medium,39.9057136,116.3912972,location,China SAMR gun-jumping investigation,"北京市, 中国"
ATK-SEMI-059,Synopsys employees & former employees,United States,"Sunnyvale, California, United States",high,37.3688301,-122.036349,location,Synopsys HQ; Massachusetts regulator filing but breach on corporate systems,"Sunnyvale, Santa Clara County, California, United States"
ATK-SEMI-060,Renesas Electronics,Japan,"Tokyo, Japan",high,35.6768601,139.7638947,location,Renesas HQ in Tokyo; dark-web extortion listing,"東京都, 日本"
ATK-SEMI-061,Nvidia (NVDA),United States,"Houston, Texas, United States",high,29.7589382,-95.3676974,location,DOJ case led by Southern District of Texas,"Houston, Harris County, Texas, United States"
ATK-SEMI-062,Advantest Corporation,Japan,"Tokyo, Japan",high,35.6768601,139.7638947,location,Advantest HQ in Tokyo; ransomware on IT network,"東京都, 日本"
ATK-SEMI-063,Trio-Tech Singapore subsidiary,Singapore,Singapore,high,1.357107,103.8194992,location,Singapore subsidiary hit by ransomware,Singapore
ATK-SEMI-064,Jensen Huang,United States,"Santa Clara, California, United States",high,37.2333253,-121.6846349,location,Nvidia Santa Clara HQ offered instead of Senate hearing,"Santa Clara County, California, United States"
ATK-SW-001,AT&T (T),United States,"Dallas, Texas, United States",medium,32.7762719,-96.7968559,location,AT&T HQ; multi-victim Snowflake breach spanning many firms,"Dallas, Dallas County, Texas, United States"
ATK-SW-002,AT&T Inc.,United States,"Dallas, Texas, United States",high,32.7762719,-96.7968559,location,AT&T HQ; SEC 8-K disclosure,"Dallas, Dallas County, Texas, United States"
ATK-SW-003,Delta Air Lines,United States,"Austin, Texas, United States",medium,30.2711286,-97.7436995,location,"CrowdStrike HQ; global outage, single-point cause","Austin, Travis County, Texas, United States"
ATK-SW-004,Microsoft Azure,United States,"Redmond, Washington, United States",medium,47.6694141,-122.1238767,location,Microsoft HQ; near-global Azure outage,"Redmond, King County, Washington, 98052, United States"
ATK-SW-005,"Ivanti, Inc.",United States,"South Jordan, Utah, United States",medium,40.5584882,-111.9367107,location,Ivanti HQ; global exploitation of Connect Secure,"South Jordan, Salt Lake County, Utah, United States"
ATK-SW-006,Coinbase,United States,"San Francisco, California, United States",medium,37.7879363,-122.4075201,location-fixed,"Target Coinbase, remote-first; supply-chain attack via GitHub Action","San Francisco, California, United States"
ATK-SW-007,chalk (maintainer: Qix),United States,"San Francisco, California, United States",low,37.7879363,-122.4075201,location,Global npm ecosystem; npm/GitHub registry HQ used,"San Francisco, California, United States"
ATK-SW-008,AT&T,United States,"Washington, D.C., United States",medium,38.8950982,-77.0363849,location,Nine US carriers compromised; national telecom espionage,"Washington, District of Columbia, United States"
ATK-SW-009,PowerSchool Holdings (Bain Capital),United States,"Folsom, California, United States",medium,38.6779591,-121.176058,location,"PowerSchool HQ; breach spans US, Canada and beyond","Folsom, Sacramento County, California, United States"
ATK-SW-010,"Coinbase Global, Inc.",United States,"San Francisco, California, United States",medium,37.7879363,-122.4075201,location-fixed,Coinbase remote-first; overseas contractors bribed,"San Francisco, California, United States"
ATK-SW-011,Authy consumer users,United States,"San Francisco, California, United States",medium,37.7879363,-122.4075201,location,Twilio (Authy owner) HQ; global user phone-number leak,"San Francisco, California, United States"
ATK-SW-012,Instructure Holdings (Canvas),United States,"Salt Lake City, Utah, United States",medium,40.7596198,-111.886797,location,Instructure HQ; mass US education-sector exfiltration,"Salt Lake City, Salt Lake County, Utah, United States"
ATK-SW-013,Microsoft Corporation,United States,"Redmond, Washington, United States",medium,47.6694141,-122.1238767,location,Microsoft HQ; global Exchange zero-day exploitation,"Redmond, King County, Washington, 98052, United States"
ATK-SW-014,"Grafana Labs (Raintank, Inc.)",United States,"New York, New York, United States",medium,40.7127281,-74.0060152,location,Grafana Labs HQ in New York; CI/CD credential theft,"New York, United States"
ATK-SW-015,"ServiceNow, Inc.",United States,"Santa Clara, California, United States",high,37.2333253,-121.6846349,location,ServiceNow HQ; multi-tenant SaaS API exposure,"Santa Clara County, California, United States"
ATK-SW-016,Alphabet shareholders,United States,"Mountain View, California, United States",high,37.3893889,-122.0832101,location,Google/Alphabet HQ; emissions disclosure event,"Mountain View, Santa Clara County, California, United States"
ATK-SW-017,Amazon shareholders / ESG funds,United States,"Seattle, Washington, United States",high,47.6038321,-122.330062,location,Amazon HQ; sustainability report emissions disclosure,"Seattle, King County, Washington, United States"
ATK-SW-018,Ernst & Young LLP,United States,"San Jose, California, United States",high,37.3361663,-121.890591,location,Super Micro Computer HQ; auditor resignation,"San Jose, Santa Clara County, California, United States"
ATK-SW-019,Pat Gelsinger,United States,"Santa Clara, California, United States",high,37.2333253,-121.6846349,location,Intel HQ; forced CEO retirement,"Santa Clara County, California, United States"
ATK-SW-020,Nvidia Corporation,United States,"Washington, D.C., United States",high,38.8950982,-77.0363849,location,US Bureau of Industry and Security export licence decision,"Washington, District of Columbia, United States"
ATK-SW-021,AO Kaspersky Lab,United States,"Washington, D.C., United States",high,38.8950982,-77.0363849,location,US Commerce Dept BIS Final Determination,"Washington, District of Columbia, United States"
ATK-SW-022,"Synopsys, Inc.",United States,"Washington, D.C., United States",high,38.8950982,-77.0363849,location,US BIS is-informed letters on EDA export controls,"Washington, District of Columbia, United States"
ATK-SW-023,Apple (AAPL),United States,"Washington, D.C., United States",high,38.8950982,-77.0363849,location,US Supreme Court upheld PAFACA; federal statute,"Washington, District of Columbia, United States"
ATK-SW-024,Snapchat,United States,"Ashburn, Virginia, United States",high,39.029784,-77.4744148,location,AWS US-EAST-1 region (Northern Virginia); global cascade,"Ashburn, Loudoun County, Virginia, United States"
ATK-SW-025,Cloudflare,United States,"Mountain View, California, United States",medium,37.3893889,-122.0832101,location,Google Cloud global outage; Google HQ used,"Mountain View, Santa Clara County, California, United States"
ATK-SW-026,"Cloudflare, Inc.",United States,"San Francisco, California, United States",high,37.7879363,-122.4075201,location,Cloudflare HQ; global network outage,"San Francisco, California, United States"
ATK-SW-027,Brian Thompson,United States,"New York Hilton Midtown, Manhattan, New York, United States",high,40.7624611,-73.979713,location,Killed outside NY Hilton Midtown,"Hilton New York Midtown, 1335, 6th Avenue, Theater District, Manhattan Community Board 5, Manhattan, New York County, New York, 10104, United States"
ATK-SW-028,Cinia Oy,Sweden,"Gotland, Sweden",medium,57.4174802,18.5369579,location-fixed,Cables cut in Swedish EEZ; spans Baltic NATO region,"Gotland, Sverige"
ATK-SW-029,Linwei Ding (aka Leon Ding),United States,"San Jose, California, United States",high,37.3361663,-121.890591,location,Northern District of California conviction,"San Jose, Santa Clara County, California, United States"
ATK-SW-030,OpenAI,United States,"San Francisco, California, United States",high,37.7879363,-122.4075201,location,OpenAI HQ; SEC whistleblower complaint,"San Francisco, California, United States"
ATK-SW-031,Suchir Balaji,United States,"San Francisco, California, United States",high,37.7879363,-122.4075201,location,Found dead in San Francisco apartment,"San Francisco, California, United States"
ATK-SW-032,Richard White,Australia,"Sydney, New South Wales, Australia",high,-33.8698439,151.2082848,location,WiseTech Sydney HQ raided by AFP and ASIC,"Sydney, New South Wales, Australia"
ATK-SW-033,Apple,United States,"Washington, D.C., United States",high,38.8950982,-77.0363849,location,US District Court for District of Columbia ruling,"Washington, District of Columbia, United States"
ATK-SW-034,Amazon Web Services,United Kingdom,"London, England, United Kingdom",high,51.5074456,-0.1277653,location,UK CMA cloud market report and SMS decision,"Greater London, England, United Kingdom"
ATK-SW-035,AT&T,United States,"Palo Alto, California, United States",medium,37.4443293,-122.1598465,location,"Broadcom HQ; VMware licensing dispute, cross-border","Palo Alto, Santa Clara County, California, United States"
ATK-SW-036,Microsoft,United States,"Redmond, Washington, United States",medium,47.6694141,-122.1238767,location,"Microsoft HQ; Stargate JV, OpenAI cloud shift","Redmond, King County, Washington, 98052, United States"
ATK-SW-037,Sonos customers — existing owners,United States,"Santa Barbara, California, United States",high,34.4221319,-119.702667,location,Sonos HQ; global app release failure,"Santa Barbara, Santa Barbara County, California, United States"
ATK-SW-038,Andy Byron,United States,"New York, New York, United States",medium,40.7127281,-74.0060152,location,Astronomer HQ New York; Coldplay concert incident,"New York, United States"
ATK-SW-039,Funds & accounts managed by BlackRock,United States,"American Fork, Utah, United States",high,40.3768064,-111.7959146,location,Domo HQ; 10-Q covenant breach disclosure,"American Fork, Utah County, Utah, 84003, United States"
ATK-SW-040,Microsoft Corporation,United States,"Redmond, Washington, United States",medium,47.6694141,-122.1238767,location,Microsoft HQ; OpenAI exclusivity restructuring,"Redmond, King County, Washington, 98052, United States"
ATK-SW-041,JSTOR,United States,"Washington, D.C., United States",low,38.8950982,-77.0363849,location,Global CDN supply-chain; Funnull later US-sanctioned,"Washington, District of Columbia, United States"
ATK-SW-042,Microsoft Corporation,United States,"Redmond, Washington, United States",medium,47.6694141,-122.1238767,location,Microsoft HQ; global Defender zero-days,"Redmond, King County, Washington, 98052, United States"
ATK-SW-043,"Awesome Motive, Inc.",United States,"West Palm Beach, Florida, United States",medium,26.715364,-80.0532942,location,Awesome Motive HQ; global WordPress plugin CDN compromise,"West Palm Beach, Palm Beach County, Florida, United States"
ATK-SW-044,"Mastra (Kepler Software, Inc.)",United States,"San Francisco, California, United States",low,37.7879363,-122.4075201,location,Global npm supply-chain; Mastra/Kepler US-based,"San Francisco, California, United States"
